[
    {
        "model": "admin.logentry",
        "pk": 1,
        "fields": {
            "action_time": "2025-04-13T23:58:44.147Z",
            "user": 1,
            "content_type": 7,
            "object_id": "1",
            "object_repr": "Teclados",
            "action_flag": 2,
            "change_message": "[{\"changed\": {\"fields\": [\"Nombre\", \"Descripci\\u00f3n\"]}}]"
        }
    },
    {
        "model": "admin.logentry",
        "pk": 2,
        "fields": {
            "action_time": "2025-04-13T23:58:54.193Z",
            "user": 1,
            "content_type": 7,
            "object_id": "2",
            "object_repr": "Mouse y Accesorios",
            "action_flag": 1,
            "change_message": "[{\"added\": {}}]"
        }
    },
    {
        "model": "admin.logentry",
        "pk": 3,
        "fields": {
            "action_time": "2025-04-13T23:59:00.986Z",
            "user": 1,
            "content_type": 7,
            "object_id": "3",
            "object_repr": "Audio",
            "action_flag": 1,
            "change_message": "[{\"added\": {}}]"
        }
    },
    {
        "model": "admin.logentry",
        "pk": 4,
        "fields": {
            "action_time": "2025-04-13T23:59:11.204Z",
            "user": 1,
            "content_type": 7,
            "object_id": "4",
            "object_repr": "Iluminaci¾n RGB",
            "action_flag": 1,
            "change_message": "[{\"added\": {}}]"
        }
    },
    {
        "model": "admin.logentry",
        "pk": 5,
        "fields": {
            "action_time": "2025-04-13T23:59:17.703Z",
            "user": 1,
            "content_type": 7,
            "object_id": "5",
            "object_repr": "Almacenamiento",
            "action_flag": 1,
            "change_message": "[{\"added\": {}}]"
        }
    },
    {
        "model": "admin.logentry",
        "pk": 6,
        "fields": {
            "action_time": "2025-04-13T23:59:27.203Z",
            "user": 1,
            "content_type": 7,
            "object_id": "6",
            "object_repr": "Componentes PC",
            "action_flag": 1,
            "change_message": "[{\"added\": {}}]"
        }
    },
    {
        "model": "admin.logentry",
        "pk": 7,
        "fields": {
            "action_time": "2025-04-13T23:59:32.619Z",
            "user": 1,
            "content_type": 7,
            "object_id": "7",
            "object_repr": "Streaming",
            "action_flag": 1,
            "change_message": "[{\"added\": {}}]"
        }
    },
    {
        "model": "admin.logentry",
        "pk": 8,
        "fields": {
            "action_time": "2025-04-13T23:59:39.054Z",
            "user": 1,
            "content_type": 7,
            "object_id": "8",
            "object_repr": "Sillas Gaming",
            "action_flag": 1,
            "change_message": "[{\"added\": {}}]"
        }
    },
    {
        "model": "admin.logentry",
        "pk": 9,
        "fields": {
            "action_time": "2025-04-13T23:59:45.453Z",
            "user": 1,
            "content_type": 7,
            "object_id": "9",
            "object_repr": "Monitores",
            "action_flag": 1,
            "change_message": "[{\"added\": {}}]"
        }
    },
    {
        "model": "admin.logentry",
        "pk": 10,
        "fields": {
            "action_time": "2025-04-13T23:59:51.136Z",
            "user": 1,
            "content_type": 7,
            "object_id": "10",
            "object_repr": "Cables y Adaptadores",
            "action_flag": 1,
            "change_message": "[{\"added\": {}}]"
        }
    },
    {
        "model": "admin.logentry",
        "pk": 11,
        "fields": {
            "action_time": "2025-04-14T00:00:26.051Z",
            "user": 1,
            "content_type": 7,
            "object_id": "11",
            "object_repr": "Controles",
            "action_flag": 1,
            "change_message": "[{\"added\": {}}]"
        }
    },
    {
        "model": "admin.logentry",
        "pk": 12,
        "fields": {
            "action_time": "2025-04-14T00:00:37.964Z",
            "user": 1,
            "content_type": 7,
            "object_id": "12",
            "object_repr": "Refrigeraci¾n",
            "action_flag": 1,
            "change_message": "[{\"added\": {}}]"
        }
    },
    {
        "model": "admin.logentry",
        "pk": 13,
        "fields": {
            "action_time": "2025-04-14T00:58:43.738Z",
            "user": 1,
            "content_type": 7,
            "object_id": "13",
            "object_repr": "Procesadores",
            "action_flag": 1,
            "change_message": "[{\"added\": {}}]"
        }
    },
    {
        "model": "admin.logentry",
        "pk": 14,
        "fields": {
            "action_time": "2025-04-14T00:58:51.857Z",
            "user": 1,
            "content_type": 7,
            "object_id": "14",
            "object_repr": "Tarjetas Grßficas (GPU)",
            "action_flag": 1,
            "change_message": "[{\"added\": {}}]"
        }
    },
    {
        "model": "admin.logentry",
        "pk": 15,
        "fields": {
            "action_time": "2025-04-14T00:58:59.085Z",
            "user": 1,
            "content_type": 7,
            "object_id": "15",
            "object_repr": "Memoria RAM",
            "action_flag": 1,
            "change_message": "[{\"added\": {}}]"
        }
    },
    {
        "model": "admin.logentry",
        "pk": 16,
        "fields": {
            "action_time": "2025-04-14T00:59:04.967Z",
            "user": 1,
            "content_type": 7,
            "object_id": "16",
            "object_repr": "Fuentes de Poder (PSU)",
            "action_flag": 1,
            "change_message": "[{\"added\": {}}]"
        }
    },
    {
        "model": "admin.logentry",
        "pk": 17,
        "fields": {
            "action_time": "2025-04-14T00:59:15.449Z",
            "user": 1,
            "content_type": 7,
            "object_id": "17",
            "object_repr": "Mouse Pads",
            "action_flag": 1,
            "change_message": "[{\"added\": {}}]"
        }
    },
    {
        "model": "admin.logentry",
        "pk": 18,
        "fields": {
            "action_time": "2025-04-14T00:59:24.400Z",
            "user": 1,
            "content_type": 7,
            "object_id": "18",
            "object_repr": "Tarjetas de Red",
            "action_flag": 1,
            "change_message": "[{\"added\": {}}]"
        }
    },
    {
        "model": "admin.logentry",
        "pk": 19,
        "fields": {
            "action_time": "2025-04-14T00:59:31.100Z",
            "user": 1,
            "content_type": 7,
            "object_id": "19",
            "object_repr": "BaterÝas y UPS",
            "action_flag": 1,
            "change_message": "[{\"added\": {}}]"
        }
    },
    {
        "model": "admin.logentry",
        "pk": 20,
        "fields": {
            "action_time": "2025-04-14T00:59:38.616Z",
            "user": 1,
            "content_type": 7,
            "object_id": "20",
            "object_repr": "Soportes para Consolas",
            "action_flag": 1,
            "change_message": "[{\"added\": {}}]"
        }
    },
    {
        "model": "admin.logentry",
        "pk": 21,
        "fields": {
            "action_time": "2025-04-14T01:00:20.355Z",
            "user": 1,
            "content_type": 7,
            "object_id": "21",
            "object_repr": "Almacenamiento SSD/HDD",
            "action_flag": 1,
            "change_message": "[{\"added\": {}}]"
        }
    },
    {
        "model": "admin.logentry",
        "pk": 22,
        "fields": {
            "action_time": "2025-04-14T01:00:39.130Z",
            "user": 1,
            "content_type": 7,
            "object_id": "22",
            "object_repr": "Auriculares Gaming",
            "action_flag": 1,
            "change_message": "[{\"added\": {}}]"
        }
    },
    {
        "model": "admin.logentry",
        "pk": 23,
        "fields": {
            "action_time": "2025-04-14T01:00:45.931Z",
            "user": 1,
            "content_type": 7,
            "object_id": "23",
            "object_repr": "Micr¾fonos para Streaming",
            "action_flag": 1,
            "change_message": "[{\"added\": {}}]"
        }
    },
    {
        "model": "admin.logentry",
        "pk": 24,
        "fields": {
            "action_time": "2025-05-05T02:06:07.510Z",
            "user": 1,
            "content_type": 8,
            "object_id": "1",
            "object_repr": "Memoria RAM XPG Gammix D35 DDR4 3200MHz 32GB",
            "action_flag": 1,
            "change_message": "[{\"added\": {}}]"
        }
    },
    {
        "model": "admin.logentry",
        "pk": 25,
        "fields": {
            "action_time": "2025-05-05T02:06:28.039Z",
            "user": 1,
            "content_type": 8,
            "object_id": "2",
            "object_repr": "Memoria RAM DDR3 1600MHz 2GB Notebook",
            "action_flag": 1,
            "change_message": "[{\"added\": {}}]"
        }
    },
    {
        "model": "admin.logentry",
        "pk": 26,
        "fields": {
            "action_time": "2025-05-05T02:07:13.136Z",
            "user": 1,
            "content_type": 8,
            "object_id": "3",
            "object_repr": "Monitor Plano LG 27\" IPS, Full HD, 16:9, 100Hz, 5ms, sRGB 99%, VGA, HDMI, AMD FreeSync",
            "action_flag": 1,
            "change_message": "[{\"added\": {}}]"
        }
    },
    {
        "model": "admin.logentry",
        "pk": 27,
        "fields": {
            "action_time": "2025-05-05T02:07:28.974Z",
            "user": 1,
            "content_type": 8,
            "object_id": "4",
            "object_repr": "Monitor Plano LG UltraFine 27US500-W - 27\" 4K UHD, HDR10, Pantalla IPS, HDMI, DisplayPort",
            "action_flag": 1,
            "change_message": "[{\"added\": {}}]"
        }
    },
    {
        "model": "admin.logentry",
        "pk": 28,
        "fields": {
            "action_time": "2025-05-05T02:08:10.054Z",
            "user": 1,
            "content_type": 8,
            "object_id": "5",
            "object_repr": "Tarjeta de Video GIGABYTE Nvidia GeForce RTX 5070 Ti WINDFORCE OC SFF, 16GB GDDR7, 256-bit",
            "action_flag": 1,
            "change_message": "[{\"added\": {}}]"
        }
    },
    {
        "model": "admin.logentry",
        "pk": 29,
        "fields": {
            "action_time": "2025-05-05T02:08:24.304Z",
            "user": 1,
            "content_type": 8,
            "object_id": "6",
            "object_repr": "Tarjeta de Video PNY Nvidia Quadro T1000, 8GB GDDR6, 128-Bit, PCIe 3.0 x 16",
            "action_flag": 1,
            "change_message": "[{\"added\": {}}]"
        }
    },
    {
        "model": "auth.permission",
        "pk": 1,
        "fields": {
            "name": "Can add log entry",
            "content_type": 1,
            "codename": "add_logentry"
        }
    },
    {
        "model": "auth.permission",
        "pk": 2,
        "fields": {
            "name": "Can change log entry",
            "content_type": 1,
            "codename": "change_logentry"
        }
    },
    {
        "model": "auth.permission",
        "pk": 3,
        "fields": {
            "name": "Can delete log entry",
            "content_type": 1,
            "codename": "delete_logentry"
        }
    },
    {
        "model": "auth.permission",
        "pk": 4,
        "fields": {
            "name": "Can view log entry",
            "content_type": 1,
            "codename": "view_logentry"
        }
    },
    {
        "model": "auth.permission",
        "pk": 5,
        "fields": {
            "name": "Can add permission",
            "content_type": 2,
            "codename": "add_permission"
        }
    },
    {
        "model": "auth.permission",
        "pk": 6,
        "fields": {
            "name": "Can change permission",
            "content_type": 2,
            "codename": "change_permission"
        }
    },
    {
        "model": "auth.permission",
        "pk": 7,
        "fields": {
            "name": "Can delete permission",
            "content_type": 2,
            "codename": "delete_permission"
        }
    },
    {
        "model": "auth.permission",
        "pk": 8,
        "fields": {
            "name": "Can view permission",
            "content_type": 2,
            "codename": "view_permission"
        }
    },
    {
        "model": "auth.permission",
        "pk": 9,
        "fields": {
            "name": "Can add group",
            "content_type": 3,
            "codename": "add_group"
        }
    },
    {
        "model": "auth.permission",
        "pk": 10,
        "fields": {
            "name": "Can change group",
            "content_type": 3,
            "codename": "change_group"
        }
    },
    {
        "model": "auth.permission",
        "pk": 11,
        "fields": {
            "name": "Can delete group",
            "content_type": 3,
            "codename": "delete_group"
        }
    },
    {
        "model": "auth.permission",
        "pk": 12,
        "fields": {
            "name": "Can view group",
            "content_type": 3,
            "codename": "view_group"
        }
    },
    {
        "model": "auth.permission",
        "pk": 13,
        "fields": {
            "name": "Can add user",
            "content_type": 4,
            "codename": "add_user"
        }
    },
    {
        "model": "auth.permission",
        "pk": 14,
        "fields": {
            "name": "Can change user",
            "content_type": 4,
            "codename": "change_user"
        }
    },
    {
        "model": "auth.permission",
        "pk": 15,
        "fields": {
            "name": "Can delete user",
            "content_type": 4,
            "codename": "delete_user"
        }
    },
    {
        "model": "auth.permission",
        "pk": 16,
        "fields": {
            "name": "Can view user",
            "content_type": 4,
            "codename": "view_user"
        }
    },
    {
        "model": "auth.permission",
        "pk": 17,
        "fields": {
            "name": "Can add content type",
            "content_type": 5,
            "codename": "add_contenttype"
        }
    },
    {
        "model": "auth.permission",
        "pk": 18,
        "fields": {
            "name": "Can change content type",
            "content_type": 5,
            "codename": "change_contenttype"
        }
    },
    {
        "model": "auth.permission",
        "pk": 19,
        "fields": {
            "name": "Can delete content type",
            "content_type": 5,
            "codename": "delete_contenttype"
        }
    },
    {
        "model": "auth.permission",
        "pk": 20,
        "fields": {
            "name": "Can view content type",
            "content_type": 5,
            "codename": "view_contenttype"
        }
    },
    {
        "model": "auth.permission",
        "pk": 21,
        "fields": {
            "name": "Can add session",
            "content_type": 6,
            "codename": "add_session"
        }
    },
    {
        "model": "auth.permission",
        "pk": 22,
        "fields": {
            "name": "Can change session",
            "content_type": 6,
            "codename": "change_session"
        }
    },
    {
        "model": "auth.permission",
        "pk": 23,
        "fields": {
            "name": "Can delete session",
            "content_type": 6,
            "codename": "delete_session"
        }
    },
    {
        "model": "auth.permission",
        "pk": 24,
        "fields": {
            "name": "Can view session",
            "content_type": 6,
            "codename": "view_session"
        }
    },
    {
        "model": "auth.permission",
        "pk": 25,
        "fields": {
            "name": "Can add CategorÝa",
            "content_type": 7,
            "codename": "add_categoria"
        }
    },
    {
        "model": "auth.permission",
        "pk": 26,
        "fields": {
            "name": "Can change CategorÝa",
            "content_type": 7,
            "codename": "change_categoria"
        }
    },
    {
        "model": "auth.permission",
        "pk": 27,
        "fields": {
            "name": "Can delete CategorÝa",
            "content_type": 7,
            "codename": "delete_categoria"
        }
    },
    {
        "model": "auth.permission",
        "pk": 28,
        "fields": {
            "name": "Can view CategorÝa",
            "content_type": 7,
            "codename": "view_categoria"
        }
    },
    {
        "model": "auth.permission",
        "pk": 29,
        "fields": {
            "name": "Can add Producto",
            "content_type": 8,
            "codename": "add_producto"
        }
    },
    {
        "model": "auth.permission",
        "pk": 30,
        "fields": {
            "name": "Can change Producto",
            "content_type": 8,
            "codename": "change_producto"
        }
    },
    {
        "model": "auth.permission",
        "pk": 31,
        "fields": {
            "name": "Can delete Producto",
            "content_type": 8,
            "codename": "delete_producto"
        }
    },
    {
        "model": "auth.permission",
        "pk": 32,
        "fields": {
            "name": "Can view Producto",
            "content_type": 8,
            "codename": "view_producto"
        }
    },
    {
        "model": "auth.permission",
        "pk": 33,
        "fields": {
            "name": "Can add Compra",
            "content_type": 9,
            "codename": "add_compra"
        }
    },
    {
        "model": "auth.permission",
        "pk": 34,
        "fields": {
            "name": "Can change Compra",
            "content_type": 9,
            "codename": "change_compra"
        }
    },
    {
        "model": "auth.permission",
        "pk": 35,
        "fields": {
            "name": "Can delete Compra",
            "content_type": 9,
            "codename": "delete_compra"
        }
    },
    {
        "model": "auth.permission",
        "pk": 36,
        "fields": {
            "name": "Can view Compra",
            "content_type": 9,
            "codename": "view_compra"
        }
    },
    {
        "model": "auth.user",
        "pk": 1,
        "fields": {
            "password": "pbkdf2_sha256$720000$24FWFyr7KalgasgAx1Ej0d$ERJJSDvPn83jtcfQoLY09kacfauMRRW6D/XIjBeGb3Q=",
            "last_login": "2025-05-05T23:55:15.394Z",
            "is_superuser": true,
            "username": "admin",
            "first_name": "",
            "last_name": "",
            "email": "admin@gmail.com",
            "is_staff": true,
            "is_active": true,
            "date_joined": "2025-04-13T23:04:19.085Z",
            "groups": [],
            "user_permissions": []
        }
    },
    {
        "model": "contenttypes.contenttype",
        "pk": 1,
        "fields": {
            "app_label": "admin",
            "model": "logentry"
        }
    },
    {
        "model": "contenttypes.contenttype",
        "pk": 2,
        "fields": {
            "app_label": "auth",
            "model": "permission"
        }
    },
    {
        "model": "contenttypes.contenttype",
        "pk": 3,
        "fields": {
            "app_label": "auth",
            "model": "group"
        }
    },
    {
        "model": "contenttypes.contenttype",
        "pk": 4,
        "fields": {
            "app_label": "auth",
            "model": "user"
        }
    },
    {
        "model": "contenttypes.contenttype",
        "pk": 5,
        "fields": {
            "app_label": "contenttypes",
            "model": "contenttype"
        }
    },
    {
        "model": "contenttypes.contenttype",
        "pk": 6,
        "fields": {
            "app_label": "sessions",
            "model": "session"
        }
    },
    {
        "model": "contenttypes.contenttype",
        "pk": 7,
        "fields": {
            "app_label": "web",
            "model": "categoria"
        }
    },
    {
        "model": "contenttypes.contenttype",
        "pk": 8,
        "fields": {
            "app_label": "web",
            "model": "producto"
        }
    },
    {
        "model": "contenttypes.contenttype",
        "pk": 9,
        "fields": {
            "app_label": "web",
            "model": "compra"
        }
    },
    {
        "model": "sessions.session",
        "pk": "6sn0qk4zlpix4sh3jpjbkwbvi9cc6tms",
        "fields": {
            "session_data": ".eJxVjDsOwjAQBe_iGlnrb2xKes4Q7XoNDiBbipMKcXdkKQW0b2beW8y4b2Xee17nhcVZKHH63QjTM9cB-IH13mRqdVsXkkORB-3y2ji_Lof7d1Cwl1EHsBQn71SgaFArBV4HF62BzFO8sYuUjHVMHjWkbDx5zxmMiqADkPh8AbeWNt0:1uC5eV:LsjGcmgl9o9kOi9klumQND_Snsm20LSq4q_-pfp8cII",
            "expire_date": "2025-05-19T23:55:15.398Z"
        }
    },
    {
        "model": "sessions.session",
        "pk": "e6us1f94vigk5y9y7rudd9z1s2krilkt",
        "fields": {
            "session_data": ".eJxVjEEOwiAQRe_C2hCoMENduu8ZyAwMUjVtUtqV8e7apAvd_vfef6lI21rj1mSJY1YXZdXpd2NKD5l2kO803Wad5mldRta7og_a9DBneV4P9--gUqvf2iMhiTXMySVrLGbEVIqwBWAD3kHuwFPpOCDkIn1nsC-Yzq4P4IKo9wfwtzfl:1uBv5t:b5aQtw4si_a19D_OmTEskqs1jTKOCUD7OYiPBfvPo3Q",
            "expire_date": "2025-05-19T12:38:49.770Z"
        }
    },
    {
        "model": "sessions.session",
        "pk": "u2122g8nuk0yuhsl964kziy7o1s71ugx",
        "fields": {
            "session_data": ".eJxVjMsOwiAQRf-FtSG8nIJL934DGRiQqoGktCvjv1uSLnR7z7nnzTxua_FbT4ufiV2YZKffLWB8pjoAPbDeG4-trssc-FD4QTu_NUqv6-H-BQr2MrLGxByCy-CsMKCFAgMxKZRAWVozwc4FTtkqyIQgVCQntCbcT2cM7PMF1Ys3_A:1u46NR:03Y_nFCxLC3ocASynGF81npvYLLAkzyW5-zIv6yAaYI",
            "expire_date": "2025-04-27T23:04:37.535Z"
        }
    },
    {
        "model": "web.categoria",
        "pk": 1,
        "fields": {
            "nombre": "Teclados",
            "descripcion": "Teclados mecßnicos, membrana, inalßmbricos y gaming. Opciones RGB y ergon¾micas."
        }
    },
    {
        "model": "web.categoria",
        "pk": 4,
        "fields": {
            "nombre": "Iluminaci¾n RGB",
            "descripcion": "Tiras LED, focos inteligentes y accesorios para sincronizar con tu setup."
        }
    },
    {
        "model": "web.categoria",
        "pk": 7,
        "fields": {
            "nombre": "Streaming",
            "descripcion": "Webcams 4K, luces ring, capturadoras y green screens."
        }
    },
    {
        "model": "web.categoria",
        "pk": 8,
        "fields": {
            "nombre": "Sillas Gaming",
            "descripcion": "Sillas ergon¾micas con soporte lumbar y ajustes de altura."
        }
    },
    {
        "model": "web.categoria",
        "pk": 9,
        "fields": {
            "nombre": "Monitores",
            "descripcion": "Pantallas gaming, 4K, ultrawide y de alta tasa de refresco."
        }
    },
    {
        "model": "web.categoria",
        "pk": 11,
        "fields": {
            "nombre": "Controles",
            "descripcion": "Mandos para PC/consola, volantes de simulaci¾n y joysticks arcade."
        }
    },
    {
        "model": "web.categoria",
        "pk": 12,
        "fields": {
            "nombre": "Refrigeraci¾n",
            "descripcion": "Coolers lÝquidos, ventiladores RGB y pastas tÚrmicas."
        }
    },
    {
        "model": "web.categoria",
        "pk": 13,
        "fields": {
            "nombre": "Procesadores",
            "descripcion": "CPUs para gaming y productividad, Intel y AMD, rangos de entrada a alta gama."
        }
    },
    {
        "model": "web.categoria",
        "pk": 14,
        "fields": {
            "nombre": "Tarjetas Grßficas (GPU)",
            "descripcion": "GPUs NVIDIA RTX, AMD Radeon, para gaming, dise±o 3D y minerÝa."
        }
    },
    {
        "model": "web.categoria",
        "pk": 15,
        "fields": {
            "nombre": "Memoria RAM",
            "descripcion": "Kits DDR4/DDR5, RGB, perfiles XMP, para PC y laptops."
        }
    },
    {
        "model": "web.categoria",
        "pk": 16,
        "fields": {
            "nombre": "Fuentes de Poder (PSU)",
            "descripcion": "Fuentes certificadas 80 Plus, modular/semi-modular, para builds eficientes."
        }
    },
    {
        "model": "web.categoria",
        "pk": 17,
        "fields": {
            "nombre": "Mouse Pads",
            "descripcion": "Alfombrillas XL, superficies de control/velocidad, con dise±os gamer."
        }
    },
    {
        "model": "web.categoria",
        "pk": 18,
        "fields": {
            "nombre": "Tarjetas de Red",
            "descripcion": "Wi-Fi 6E, Ethernet 10Gbps, para baja latencia."
        }
    },
    {
        "model": "web.categoria",
        "pk": 19,
        "fields": {
            "nombre": "BaterÝas y UPS",
            "descripcion": "No-breaks y baterÝas para PC, protecci¾n contra cortes."
        }
    },
    {
        "model": "web.categoria",
        "pk": 20,
        "fields": {
            "nombre": "Soportes para Consolas",
            "descripcion": "Bases refrigeradoras para PS5/Xbox, soportes verticales."
        }
    },
    {
        "model": "web.categoria",
        "pk": 22,
        "fields": {
            "nombre": "Auriculares Gaming",
            "descripcion": "AudÝfonos con micr¾fono, surround 7.1, cancelaci¾n de ruido."
        }
    },
    {
        "model": "web.categoria",
        "pk": 23,
        "fields": {
            "nombre": "Micr¾fonos para Streaming",
            "descripcion": "Micr¾fonos USB/XLR (como Shure, Rode), filtros pop y soportes."
        }
    },
    {
        "model": "web.producto",
        "pk": 1,
        "fields": {
            "nombre": "Memoria RAM XPG Gammix D35 DDR4 3200MHz 32GB",
            "precio": "10000.00",
            "categoria": 15
        }
    },
    {
        "model": "web.producto",
        "pk": 2,
        "fields": {
            "nombre": "Memoria RAM DDR3 1600MHz 2GB Notebook",
            "precio": "5000.00",
            "categoria": 15
        }
    },
    {
        "model": "web.producto",
        "pk": 3,
        "fields": {
            "nombre": "Monitor Plano LG 27\" IPS, Full HD, 16:9, 100Hz, 5ms, sRGB 99%, VGA, HDMI, AMD FreeSync",
            "precio": "200000.00",
            "categoria": 9
        }
    },
    {
        "model": "web.producto",
        "pk": 4,
        "fields": {
            "nombre": "Monitor Plano LG UltraFine 27US500-W - 27\" 4K UHD, HDR10, Pantalla IPS, HDMI, DisplayPort",
            "precio": "300000.00",
            "categoria": 9
        }
    },
    {
        "model": "web.producto",
        "pk": 5,
        "fields": {
            "nombre": "Tarjeta de Video GIGABYTE Nvidia GeForce RTX 5070 Ti WINDFORCE OC SFF, 16GB GDDR7, 256-bit",
            "precio": "1149990.00",
            "categoria": 14
        }
    },
    {
        "model": "web.producto",
        "pk": 6,
        "fields": {
            "nombre": "Tarjeta de Video PNY Nvidia Quadro T1000, 8GB GDDR6, 128-Bit, PCIe 3.0 x 16",
            "precio": "482000.00",
            "categoria": 14
        }
    },
    {
        "model": "web.compra",
        "pk": 1,
        "fields": {
            "producto": 2,
            "fecha": "2025-05-05T03:41:45.578Z",
            "precio_compra": "5000.00",
            "cantidad": 1
        }
    },
    {
        "model": "web.compra",
        "pk": 2,
        "fields": {
            "producto": 2,
            "fecha": "2025-05-05T03:44:35.994Z",
            "precio_compra": "5000.00",
            "cantidad": 1
        }
    },
    {
        "model": "web.compra",
        "pk": 3,
        "fields": {
            "producto": 2,
            "fecha": "2025-05-05T03:45:00.906Z",
            "precio_compra": "5000.00",
            "cantidad": 1
        }
    },
    {
        "model": "web.compra",
        "pk": 4,
        "fields": {
            "producto": 2,
            "fecha": "2025-05-05T03:45:27.806Z",
            "precio_compra": "5000.00",
            "cantidad": 1
        }
    },
    {
        "model": "web.compra",
        "pk": 5,
        "fields": {
            "producto": 2,
            "fecha": "2025-05-05T03:48:39.787Z",
            "precio_compra": "5000.00",
            "cantidad": 1
        }
    },
    {
        "model": "web.compra",
        "pk": 6,
        "fields": {
            "producto": 2,
            "fecha": "2025-05-05T03:51:45.492Z",
            "precio_compra": "5000.00",
            "cantidad": 1
        }
    },
    {
        "model": "web.compra",
        "pk": 7,
        "fields": {
            "producto": 2,
            "fecha": "2025-05-05T03:51:48.512Z",
            "precio_compra": "5000.00",
            "cantidad": 1
        }
    },
    {
        "model": "web.compra",
        "pk": 8,
        "fields": {
            "producto": 2,
            "fecha": "2025-05-05T03:52:46.077Z",
            "precio_compra": "5000.00",
            "cantidad": 1
        }
    },
    {
        "model": "web.compra",
        "pk": 9,
        "fields": {
            "producto": 5,
            "fecha": "2025-05-05T03:53:21.700Z",
            "precio_compra": "1149990.00",
            "cantidad": 1
        }
    },
    {
        "model": "web.compra",
        "pk": 10,
        "fields": {
            "producto": 2,
            "fecha": "2025-05-05T03:56:45.768Z",
            "precio_compra": "5000.00",
            "cantidad": 1
        }
    },
    {
        "model": "web.compra",
        "pk": 11,
        "fields": {
            "producto": 2,
            "fecha": "2025-05-05T03:58:09.517Z",
            "precio_compra": "5000.00",
            "cantidad": 1
        }
    },
    {
        "model": "web.compra",
        "pk": 12,
        "fields": {
            "producto": 2,
            "fecha": "2025-05-05T04:02:47.606Z",
            "precio_compra": "5000.00",
            "cantidad": 1
        }
    },
    {
        "model": "web.compra",
        "pk": 13,
        "fields": {
            "producto": 2,
            "fecha": "2025-05-05T04:04:17.808Z",
            "precio_compra": "5000.00",
            "cantidad": 1
        }
    },
    {
        "model": "web.compra",
        "pk": 14,
        "fields": {
            "producto": 2,
            "fecha": "2025-05-05T04:04:32.739Z",
            "precio_compra": "5000.00",
            "cantidad": 1
        }
    },
    {
        "model": "web.compra",
        "pk": 15,
        "fields": {
            "producto": 2,
            "fecha": "2025-05-05T04:49:27.620Z",
            "precio_compra": "5000.00",
            "cantidad": 1
        }
    },
    {
        "model": "web.compra",
        "pk": 16,
        "fields": {
            "producto": 1,
            "fecha": "2025-05-05T04:58:59.324Z",
            "precio_compra": "10000.00",
            "cantidad": 1
        }
    },
    {
        "model": "web.compra",
        "pk": 17,
        "fields": {
            "producto": 3,
            "fecha": "2025-05-05T12:39:29.813Z",
            "precio_compra": "200000.00",
            "cantidad": 1
        }
    },
    {
        "model": "web.compra",
        "pk": 18,
        "fields": {
            "producto": 4,
            "fecha": "2025-05-05T13:01:09.981Z",
            "precio_compra": "300000.00",
            "cantidad": 1
        }
    },
    {
        "model": "web.compra",
        "pk": 19,
        "fields": {
            "producto": 1,
            "fecha": "2025-05-05T23:54:47.547Z",
            "precio_compra": "1234.00",
            "cantidad": 1
        }
    }
]